Date,Meal,Calories,Fat (g),Saturated Fat,Polyunsaturated Fat,Monounsaturated Fat,Trans Fat,Cholesterol,Sodium (mg),Potassium,Carbohydrates (g),Fiber,Sugar,Protein (g),Vitamin A,Vitamin C,Calcium,Iron
2014-07-18,Snacks,232.0,35.0,3.0,0.0,0.0,0.0,0.0,100.0,96.0,31.0,9.0,7.0,2.8,0.0,0.0,10.0,2.0
2014-07-18,Breakfast,466.7,37.4,17.9,1.0,5.5,0.0,98.8,949.8,54.9,27.9,2.2,4.5,27.1,11.2,30.0,44.4,7.1
2014-07-18,Lunch,330.0,9.0,5.0,0.0,0.0,0.0,0.0,1050.0,3.3,54.7,2.0,14.7,5.0,0.0,0.0,2.0,10.0
2015-04-16,Dinner,1383.7,7.9,4.9,0.3,2.1,0.0,31.7,57.6,143.3,17.0,0.5,15.3,2.5,6.1,0.7,9.2,0.4
2015-04-16,Snacks,140.0,0.0,0.0,0.0,0.0,0.0,0.0,45.0,0.0,0.0,0.0,39.0,0.0,0.0,0.0,0.0,0.0
2015-04-16,Breakfast,369.7,5.9,0.5,1.0,0.7,0.0,0.0,6.8,83.9,68.5,3.5,5.3,19.1,0.0,0.2,11.4,5.1
2015-04-17,Breakfast,408.8,23.0,7.0,0.0,0.0,0.0,126.0,126.0,0.0,6.0,0.0,2.0,46.0,3.5,0.0,0.0,5.3
2015-04-17,Lunch,740.0,18.8,1.0,0.1,0.0,0.0,51.0,3076.0,124.0,88.1,6.7,4.7,33.0,14.9,20.7,3.4,7.6
2015-04-17,Dinner,605.2,12.4,5.7,2.2,1.2,0.0,0.0,1095.0,350.9,98.8,4.1,7.5,18.9,120.0,10.0,14.1,31.1
2015-04-18,Snacks,517.6,11.2,0.0,0.0,0.0,0.0,56.0,909.0,0.0,39.6,2.3,39.0,24.0,0.0,0.0,0.0,0.0
2015-04-18,Breakfast,150.0,5.0,0.0,0.0,0.0,0.0,0.0,180.0,0.0,37.0,1.0,10.0,12.0,0.0,0.0,6.0,8.0
2015-04-18,Lunch,255.9,5.7,2.1,0.1,0.1,0.0,0.0,0.0,27.0,32.6,2.3,3.0,4.2,20.0,90.0,4.3,17.7
2015-04-18,Dinner,923.4,50.1,26.7,4.2,13.4,0.0,106.4,2563.9,419.2,88.1,3.3,4.9,33.7,38.0,40.2,71.4,38.2
2015-04-19,Lunch,1110.0,45.0,13.5,1.5,2.5,0.0,90.0,1995.0,380.0,141.0,8.0,42.0,47.0,0.0,15.0,0.0,4.0
2015-04-19,Dinner,532.9,6.4,1.1,2.4,2.4,0.0,31.2,1660.7,233.9,52.3,2.0,47.0,33.4,0.0,1.4,0.9,19.1
2015-04-19,Breakfast,579.5,26.4,10.2,0.0,0.0,0.0,63.2,394.0,0.0,94.4,2.6,69.0,21.8,15.0,2.0,35.0,20.0
2015-04-20,Dinner,35.0,0.0,0.0,0.0,0.0,0.0,0.0,0.0,0.0,6.0,2.0,3.0,2.0,20.0,90.0,4.0,10.0
2015-04-20,Lunch,510.0,18.5,9.0,0.0,0.0,0.0,20.0,445.0,0.0,68.0,1.0,41.0,9.0,6.0,6.0,17.0,10.0
2015-04-20,Breakfast,30.0,4.0,0.0,0.0,0.0,0.0,0.0,0.0,0.0,12.0,0.0,4.0,8.0,0.0,0.0,0.0,0.0
2015-04-20,Snacks,467.9,18.1,10.2,0.4,2.1,0.0,50.3,162.3,429.7,75.2,4.8,58.1,4.7,12.2,23.9,19.1,3.5
2015-04-21,Lunch,35.0,0.0,0.0,0.0,0.0,0.0,0.0,0.0,0.0,6.0,2.0,3.0,2.0,20.0,90.0,4.0,10.0
2015-04-21,Dinner,794.0,18.3,5.0,3.9,2.8,0.0,22.5,2031.4,693.6,116.3,8.7,7.8,38.9,20.2,23.1,47.5,50.7
2015-04-21,Breakfast,15.0,2.0,0.0,0.0,0.0,0.0,0.0,0.0,0.0,6.0,0.0,2.0,4.0,0.0,0.0,0.0,0.0
2015-04-22,Dinner,776.3,32.5,9.7,3.1,4.4,0.0,73.7,3469.0,597.3,81.7,4.5,10.3,34.1,14.2,34.3,8.5,21.9
2015-04-22,Snacks,577.0,4.2,1.4,0.6,2.8,0.0,35.2,1485.0,317.9,64.8,0.6,39.0,33.1,0.0,1.6,1.6,18.9
2015-04-22,Breakfast,466.6,11.3,2.6,2.1,1.4,0.0,11.3,1016.1,361.5,76.0,4.5,5.9,24.6,10.1,11.6,24.2,28.1
2015-04-23,Dinner,1841.0,81.5,44.3,5.2,22.5,0.1,440.4,3781.2,1018.5,106.4,6.0,84.8,99.5,55.1,6.2,17.7,40.5
2015-04-23,Breakfast,135.0,3.0,0.0,0.0,0.0,0.0,0.0,180.0,0.0,31.0,1.0,8.0,8.0,0.0,0.0,6.0,8.0
2015-04-24,Dinner,546.6,17.9,5.2,1.6,2.2,0.0,36.9,2176.7,298.6,71.8,2.9,5.9,21.1,11.1,17.1,5.5,16.2
2015-04-24,Breakfast,356.2,14.1,6.4,0.4,2.9,0.0,31.9,445.8,34.5,56.8,2.0,14.1,14.2,7.8,0.0,14.3,17.9
2015-04-24,Lunch,440.0,17.5,3.0,1.0,0.0,0.0,0.0,215.0,0.0,27.0,1.0,43.0,11.0,0.0,0.0,0.0,8.0
2015-04-24,Snacks,260.0,12.0,7.0,0.0,0.0,0.0,40.0,90.0,210.0,36.0,0.0,32.0,4.0,8.0,4.0,16.0,0.0
2015-04-25,Lunch,890.0,28.0,14.0,0.0,0.0,0.0,0.0,3200.0,0.0,135.0,8.0,30.0,16.0,0.0,0.0,0.0,40.0
2015-04-25,Breakfast,468.8,29.0,2.7,2.3,2.9,0.0,28.7,1495.4,140.3,50.2,1.0,4.0,25.2,0.0,0.9,10.5,16.8
2015-04-25,Snacks,125.0,0.0,0.0,0.0,0.0,0.0,0.0,0.0,0.0,9.9,0.0,0.0,0.3,0.0,0.0,0.0,0.0
2015-04-25,Dinner,610.0,33.0,13.3,0.0,0.0,1.0,116.7,976.7,0.0,52.3,3.0,12.3,25.3,9.3,2.0,26.3,27.0
2015-04-26,Snacks,660.0,33.0,10.5,0.0,0.0,0.0,150.0,3603.0,0.0,71.6,0.0,39.2,42.0,12.0,11.2,0.0,0.0
2015-04-26,Dinner,487.0,8.5,2.5,1.0,3.0,0.0,31.0,320.0,427.0,49.0,3.5,44.5,16.5,0.0,27.5,4.0,21.0
2015-04-26,Breakfast,282.7,4.6,0.4,0.0,0.0,0.0,2.5,358.9,82.1,63.2,2.0,15.0,15.0,51.3,0.5,44.7,91.1
2015-04-26,Lunch,844.0,45.5,14.0,0.0,0.0,0.0,90.0,1482.0,0.0,25.0,2.0,63.4,32.0,0.0,10.0,0.0,4.0
2015-04-27,Snacks,350.0,10.0,3.0,0.0,0.0,0.0,0.0,202.5,0.0,28.5,1.5,43.5,2.5,0.0,0.0,2.0,0.0
2015-04-27,Dinner,685.6,22.5,11.3,1.4,1.7,0.0,106.7,1962.7,1415.9,73.5,18.3,20.8,47.1,66.6,56.9,21.6,57.5
2015-04-27,Lunch,418.5,17.5,4.2,6.8,5.4,0.0,23.9,1489.6,141.9,49.7,1.1,1.3,20.7,13.1,5.6,11.6,12.7
2015-04-27,Breakfast,15.0,2.0,0.0,0.0,0.0,0.0,0.0,0.0,0.0,6.0,0.0,2.0,4.0,0.0,0.0,0.0,0.0
2015-04-28,Lunch,610.0,3.0,0.0,0.0,0.0,0.0,0.0,1600.0,1140.0,125.0,27.0,44.0,20.0,0.0,6.0,20.0,34.0
2015-04-28,Dinner,107.2,4.5,2.6,0.4,1.0,0.0,10.2,198.8,1.1,14.3,2.2,3.3,2.3,8.4,4.0,2.1,3.3
2015-04-28,Breakfast,505.3,21.2,6.6,0.7,0.8,0.0,53.3,1101.4,708.0,64.8,10.2,13.4,31.5,33.3,28.4,12.8,28.7
2015-04-28,Snacks,10.0,0.0,0.0,0.0,0.0,0.0,0.0,60.0,0.0,3.0,0.0,2.0,0.0,0.0,0.0,0.0,0.0
2015-04-29,Breakfast,298.4,6.3,4.0,0.0,1.0,0.0,0.0,294.6,255.0,57.5,4.0,27.6,6.2,10.2,126.0,7.6,15.2
2015-04-29,Dinner,640.0,19.0,9.0,0.0,0.0,0.0,90.0,1520.0,0.0,90.0,10.0,26.0,26.0,32.0,8.0,34.0,28.0
2015-04-29,Lunch,795.0,17.9,2.0,0.3,0.0,0.0,51.0,4364.0,0.0,106.5,4.4,26.0,31.0,0.0,0.0,0.0,0.2
2015-04-30,Breakfast,298.4,6.3,4.0,0.0,1.0,0.0,0.0,294.6,255.0,57.5,4.0,27.6,6.2,10.2,126.0,7.6,15.2
2015-04-30,Lunch,53.3,0.7,0.2,0.3,0.0,0.0,0.0,183.3,0.0,10.3,0.2,1.3,1.3,0.0,0.0,0.0,3.3
2015-04-30,Dinner,830.0,29.0,10.0,0.0,0.0,1.0,75.0,975.0,0.0,122.0,3.0,85.0,25.0,4.0,2.0,25.0,25.0
2015-05-01,Breakfast,70.0,3.0,2.0,0.0,1.0,0.0,0.0,0.0,0.0,12.0,0.0,12.0,0.0,0.0,0.0,0.0,0.0
2015-05-01,Lunch,345.0,10.0,1.5,1.0,0.0,0.0,0.0,360.0,0.0,54.5,1.0,18.5,9.5,0.0,0.0,6.0,10.0
2015-05-01,Snacks,88.4,0.3,0.0,0.0,0.0,0.0,0.0,24.6,255.0,20.5,3.0,13.6,2.2,10.2,126.0,3.6,3.2
2015-05-01,Dinner,1170.0,63.0,30.0,0.0,0.0,1.5,165.0,3210.0,0.0,105.0,6.0,6.0,51.0,0.0,0.0,0.0,0.0
2015-05-02,Snacks,255.4,11.3,2.1,0.0,0.0,0.0,0.0,1662.6,255.0,31.9,4.2,13.6,6.9,11.4,126.0,4.8,5.6
2015-05-02,Breakfast,295.5,3.0,2.0,0.0,1.0,0.0,0.0,345.8,0.0,58.6,2.0,17.9,6.0,50.0,0.0,40.0,90.0
2015-05-03,Snacks,240.0,12.8,3.6,2.8,5.1,0.0,76.5,69.0,183.0,0.0,0.0,0.0,20.7,3.0,0.0,1.5,6.0
2015-05-03,Dinner,1040.0,40.0,12.5,0.0,0.0,0.0,90.0,1927.5,0.0,81.0,6.0,58.5,45.0,0.0,0.0,0.0,0.0
2015-05-03,Lunch,1082.5,47.3,15.0,0.0,0.0,1.0,161.3,1877.5,0.0,122.3,4.8,77.0,47.5,10.0,8.0,30.0,25.0
2015-05-04,Lunch,707.5,15.0,7.0,0.0,0.0,0.0,40.0,3340.8,537.5,109.8,6.3,40.3,30.8,21.5,105.0,4.0,39.5
2015-05-04,Breakfast,70.0,3.0,2.0,0.0,1.0,0.0,0.0,0.0,0.0,12.0,0.0,12.0,0.0,0.0,0.0,0.0,0.0
2015-05-04,Snacks,190.0,12.0,7.5,0.0,0.0,0.0,0.0,565.0,142.5,21.5,0.0,19.5,3.0,9.0,0.0,9.0,3.0
2015-05-04,Dinner,618.7,17.6,7.0,1.3,6.7,0.0,33.4,1760.1,366.6,106.4,5.8,54.8,13.5,41.2,248.6,25.2,13.8
2015-05-05,Lunch,1095.0,40.5,16.0,0.0,0.0,0.0,195.0,2410.0,0.0,124.0,19.5,8.5,60.5,36.0,34.0,60.0,45.0
2015-05-05,Dinner,0.0,0.0,0.0,0.0,0.0,0.0,0.0,50.0,0.0,0.0,0.0,0.0,0.0,0.0,0.0,0.0,0.0
2015-05-05,Breakfast,525.0,44.0,0.0,0.0,0.0,0.0,0.0,0.0,0.0,6.0,0.0,0.0,35.0,0.0,0.0,0.0,0.0
2015-05-06,Lunch,505.0,10.0,1.5,1.0,0.0,0.0,0.0,420.0,0.0,97.5,1.0,59.5,9.5,0.0,0.0,6.0,10.0
2015-05-06,Breakfast,70.0,3.0,2.0,0.0,1.0,0.0,0.0,0.0,0.0,12.0,0.0,12.0,0.0,0.0,0.0,0.0,0.0
2015-05-06,Snacks,108.5,0.5,0.1,0.1,0.0,0.0,0.0,1104.0,488.9,21.4,3.9,2.8,5.3,19.9,236.0,7.1,6.2
2015-05-06,Dinner,856.1,21.4,4.4,3.7,5.8,0.0,206.8,3167.2,446.6,110.4,2.7,39.3,62.1,10.0,10.0,2.2,20.6
2015-05-07,Snacks,320.0,16.0,10.0,0.0,0.0,0.0,0.0,150.0,190.0,43.0,0.0,28.0,6.0,12.0,0.0,12.0,4.0
2015-05-07,Dinner,382.9,14.6,5.2,2.7,3.8,0.0,52.5,1742.1,490.5,41.8,3.0,6.1,21.8,99.9,11.0,5.7,24.6
2015-05-07,Breakfast,70.0,3.0,2.0,0.0,1.0,0.0,0.0,0.0,0.0,12.0,0.0,12.0,0.0,0.0,0.0,0.0,0.0
2015-05-07,Lunch,1070.2,62.3,30.4,3.2,11.5,0.0,241.9,1822.3,533.9,81.4,3.9,12.4,41.7,71.1,0.0,42.7,15.0
2015-05-08,Lunch,542.9,14.6,5.2,2.7,3.8,0.0,52.5,1802.1,490.5,84.8,3.0,47.1,21.8,99.9,11.0,5.7,24.6
2015-05-08,Breakfast,181.2,11.5,7.0,0.0,3.0,0.0,41.2,14.7,146.4,15.6,0.0,12.6,0.9,34.0,0.0,0.5,0.1
2015-05-08,Snacks,189.6,3.1,0.0,0.0,0.0,0.0,255.0,255.6,63.6,3.4,0.3,1.0,34.8,7.2,54.0,9.3,23.1
2015-05-09,Lunch,758.6,21.2,4.3,3.6,5.7,0.0,206.8,3266.2,419.1,88.9,2.4,40.2,60.0,10.0,10.0,2.2,19.6
2015-05-09,Snacks,7.8,0.0,0.0,0.0,0.0,0.0,0.0,11.6,29.2,1.5,0.6,0.8,0.5,29.3,17.2,0.8,1.2
2015-05-09,Dinner,285.0,19.3,4.9,0.0,0.0,0.0,112.6,640.0,156.5,6.1,0.9,0.0,23.6,0.0,0.5,0.0,8.0
2015-05-09,Breakfast,90.0,2.3,0.8,0.0,0.0,0.0,35.0,57.5,80.0,3.5,0.0,1.0,13.5,0.0,0.0,5.0,0.0
2015-05-10,Snacks,826.9,25.6,14.7,0.4,6.2,0.0,95.5,1261.5,197.9,143.3,4.7,65.1,44.7,5.6,3.3,21.8,25.0
2015-05-10,Lunch,1095.0,40.5,16.0,0.0,0.0,0.0,195.0,2410.0,0.0,124.0,19.5,8.5,60.5,36.0,34.0,60.0,45.0
2015-05-10,Breakfast,571.7,20.2,9.1,0.0,0.0,0.0,50.5,514.1,5.8,101.8,3.1,65.8,22.2,15.2,2.0,41.3,28.3
2015-05-11,Snacks,93.8,2.7,1.0,0.0,0.0,0.0,3.8,211.3,0.0,13.5,0.3,1.0,2.9,1.0,0.0,5.0,1.9
2015-05-11,Lunch,643.9,15.4,5.4,3.0,4.1,0.0,52.5,1806.7,529.6,105.7,4.6,47.5,24.2,99.9,11.0,6.6,24.6
2015-05-11,Breakfast,22.5,3.0,0.0,0.0,0.0,0.0,0.0,0.0,0.0,9.0,0.0,3.0,6.0,0.0,0.0,0.0,0.0
2015-05-12,Dinner,600.0,24.5,4.5,13.5,6.5,0.0,70.0,1020.0,290.0,70.0,4.0,3.0,24.0,0.0,6.0,4.0,10.0
2015-05-12,Breakfast,22.5,3.0,0.0,0.0,0.0,0.0,0.0,0.0,0.0,9.0,0.0,3.0,6.0,0.0,0.0,0.0,0.0
2015-05-12,Snacks,277.9,9.3,5.8,0.0,0.0,0.0,0.0,189.0,234.2,34.4,2.2,26.2,17.9,22.0,77.8,7.2,4.2
2015-05-12,Lunch,110.2,0.3,0.0,0.0,0.0,0.0,0.0,59.7,513.7,21.0,5.6,6.2,6.6,53.0,299.9,4.6,60.3
2015-05-13,Breakfast,22.5,3.0,0.0,0.0,0.0,0.0,0.0,0.0,0.0,9.0,0.0,3.0,6.0,0.0,0.0,0.0,0.0
2015-05-13,Dinner,468.3,18.2,8.6,0.6,3.2,0.1,81.2,1578.3,1448.8,44.4,2.8,12.6,30.1,38.9,32.6,39.8,39.7
2015-05-13,Lunch,1314.0,37.8,17.1,0.0,0.0,0.0,90.0,2614.0,0.0,193.8,17.3,67.0,43.8,25.0,22.0,65.0,50.8
2015-05-14,Breakfast,568.3,19.2,8.6,0.6,3.2,0.1,81.2,1728.3,1448.8,64.4,3.8,15.6,33.1,38.9,32.6,41.8,45.7
2015-05-14,Lunch,545.0,23.0,6.8,0.0,0.0,0.0,45.0,825.0,0.0,66.5,4.5,7.0,18.0,6.0,37.0,21.0,19.0
2015-05-14,Dinner,307.5,0.6,0.2,0.2,0.2,0.0,0.0,3.0,82.5,67.5,0.9,0.2,6.3,0.0,0.0,0.0,3.0
2015-05-15,Lunch,798.7,13.6,0.0,0.0,0.0,0.0,51.0,2844.0,0.0,120.2,3.9,52.2,28.0,0.0,0.0,0.0,0.0
2015-05-15,Dinner,901.3,34.4,15.5,1.4,1.7,0.0,85.0,1743.1,17.8,110.1,4.6,14.8,33.9,1.0,0.0,0.4,3.1
2015-05-15,Breakfast,125.0,3.2,0.1,0.1,0.1,0.0,0.0,1.0,27.5,31.5,0.3,3.1,8.1,0.0,0.0,0.0,1.0
2015-05-16,Dinner,863.8,45.4,20.7,0.9,2.1,0.0,141.3,1173.1,201.1,61.9,2.7,5.6,47.8,30.5,0.0,74.4,20.0
2015-05-16,Breakfast,227.5,3.4,0.1,0.1,0.1,0.0,0.0,2.0,55.0,54.0,0.6,3.1,10.2,0.0,0.0,0.0,2.0
2015-05-16,Snacks,160.0,0.0,0.0,0.0,0.0,0.0,0.0,60.0,0.0,43.0,0.0,41.0,0.0,0.0,0.0,0.0,0.0
2015-05-17,Lunch,925.0,29.0,3.0,0.0,0.0,0.0,90.0,1850.0,0.0,127.0,10.0,46.0,46.0,15.0,40.0,60.0,40.0
2015-05-17,Dinner,628.3,18.2,8.6,0.6,3.2,0.1,81.2,1638.3,1448.8,87.4,2.8,53.6,30.1,38.9,32.6,39.8,39.7
2015-05-17,Breakfast,162.5,7.5,2.3,0.0,0.0,0.0,0.0,242.5,0.0,29.0,1.0,4.5,10.0,0.0,0.0,2.0,6.0
2015-05-18,Breakfast,22.5,3.0,0.0,0.0,0.0,0.0,0.0,0.0,0.0,9.0,0.0,3.0,6.0,0.0,0.0,0.0,0.0
2015-05-18,Lunch,759.7,19.5,9.0,1.0,3.7,0.1,105.0,1982.2,1434.0,94.0,2.9,19.6,48.8,31.1,26.1,31.8,43.7
2015-05-18,Dinner,977.0,21.8,7.8,3.0,1.0,0.0,25.0,230.3,95.0,39.4,3.0,5.8,5.0,0.0,0.0,6.0,6.0
2015-05-19,Breakfast,45.0,6.0,0.0,0.0,0.0,0.0,0.0,0.0,0.0,18.0,0.0,6.0,12.0,0.0,0.0,0.0,0.0
2015-05-19,Dinner,573.6,8.0,1.8,0.0,0.0,0.0,12.0,394.0,0.0,22.6,2.4,8.0,14.0,0.0,0.0,9.8,0.0
2015-05-19,Lunch,1405.0,44.8,10.1,0.1,6.1,0.0,187.0,1954.0,595.0,147.5,13.2,16.1,69.7,4.0,52.0,6.0,30.0
2015-05-20,Dinner,544.0,21.0,9.0,3.0,4.5,0.0,122.0,835.5,105.0,68.0,2.5,5.5,20.0,0.0,0.0,0.0,0.0
2015-05-20,Breakfast,617.5,30.6,5.8,0.0,6.0,0.0,133.8,1023.0,540.0,44.0,3.8,16.2,33.2,1.2,15.6,1.8,8.4
2015-05-20,Lunch,495.0,8.8,0.1,0.1,0.1,0.0,21.0,392.0,55.0,77.5,5.2,0.1,25.7,0.0,0.0,0.0,2.0
2015-05-20,Snacks,170.0,13.0,3.5,0.0,0.0,0.0,7.5,95.0,0.0,20.7,1.5,17.8,4.5,0.0,2.0,2.0,1.0
2015-05-21,Breakfast,595.0,9.8,0.1,0.1,0.1,0.0,21.0,542.0,55.0,97.5,6.2,3.1,28.7,0.0,0.0,2.0,8.0
2015-05-21,Snacks,487.5,18.3,6.4,0.7,2.0,0.0,214.5,212.0,63.0,75.1,1.5,68.6,10.8,5.9,2.0,4.5,4.3
2015-05-21,Dinner,574.7,20.7,6.3,5.1,5.7,0.0,0.0,1106.2,218.0,71.5,3.5,5.6,21.4,73.4,7.0,19.4,22.1
2015-05-22,Snacks,80.0,8.0,1.7,0.0,0.0,0.0,5.0,85.0,0.0,10.2,1.0,8.8,3.0,0.0,0.0,2.0,0.0
2015-05-22,Dinner,863.6,34.1,15.3,5.1,5.6,0.0,60.0,2455.9,206.9,77.6,3.3,17.6,56.6,85.4,7.0,43.1,26.0
2015-05-22,Breakfast,122.5,5.6,1.6,0.0,0.0,0.0,40.0,88.8,80.0,13.5,0.0,7.0,21.5,2.5,1.0,12.5,0.0
2015-05-22,Lunch,1040.0,31.6,12.4,2.8,0.0,0.0,156.0,2022.0,1514.4,142.4,5.4,60.2,47.2,25.3,69.7,33.8,57.8
2015-05-23,Dinner,440.0,20.0,7.0,0.0,0.0,0.0,50.0,970.0,0.0,42.0,2.0,8.0,16.0,16.0,16.0,38.0,8.0
2015-05-23,Snacks,540.0,0.0,0.0,0.0,0.0,0.0,0.0,180.0,0.0,144.0,0.0,140.0,0.0,0.0,0.0,0.0,0.0
2015-05-23,Breakfast,1100.0,0.0,0.0,0.0,0.0,0.0,0.0,0.0,0.0,0.0,0.0,0.0,0.0,0.0,0.0,0.0,0.0
2015-05-24,Snacks,295.0,5.0,1.5,2.5,1.5,0.0,0.0,280.0,0.0,60.0,1.0,40.0,3.0,4.0,0.0,0.0,4.0
2015-05-24,Breakfast,450.0,9.0,7.5,0.0,0.0,0.0,0.0,510.0,0.0,93.0,0.0,63.0,3.0,0.0,0.0,12.0,6.0
2015-05-24,Dinner,666.1,24.5,10.0,0.5,2.5,0.0,50.0,1123.7,562.7,86.5,10.8,8.3,27.3,49.8,76.2,46.7,32.1
2015-05-24,Lunch,380.0,23.0,4.5,0.0,0.0,0.0,335.0,480.0,0.0,27.0,2.0,5.0,16.0,8.0,0.0,16.0,16.0
2015-05-25,Dinner,1460.8,66.7,21.9,9.9,19.4,0.0,276.3,1227.8,2278.5,117.4,15.8,23.0,105.8,183.5,128.0,46.1,75.4
2015-05-25,Breakfast,265.0,16.0,3.5,0.0,0.0,0.0,25.0,485.0,0.0,39.0,1.0,10.0,20.0,8.0,8.0,19.0,4.0
2015-05-25,Lunch,530.0,23.0,4.5,0.0,0.0,0.0,335.0,535.0,0.0,67.0,2.0,45.0,16.0,8.0,0.0,16.0,16.0
2015-05-26,Breakfast,425.0,24.5,6.1,0.6,6.3,0.0,210.0,142.5,580.0,24.7,0.0,8.5,58.1,0.5,0.0,1.5,19.5
2015-05-26,Dinner,218.4,1.6,0.3,0.6,0.6,0.0,0.0,2.0,154.0,45.8,3.5,0.0,4.5,0.0,0.0,2.0,5.7
2015-05-26,Lunch,556.4,22.0,8.0,6.4,5.6,0.2,128.0,684.5,428.1,79.1,2.6,74.3,17.0,207.3,13.1,27.7,9.5
2015-05-26,Snacks,244.0,10.0,3.5,0.0,0.0,0.0,25.0,492.5,0.0,27.5,1.0,10.5,8.0,8.0,8.0,19.0,4.0
2015-05-27,Snacks,260.0,0.0,0.0,0.0,0.0,0.0,0.0,60.0,0.0,70.0,0.0,70.0,0.0,0.0,0.0,0.0,0.0
2015-05-27,Dinner,1308.1,29.6,3.6,4.1,16.9,0.0,90.0,3962.2,729.6,202.5,16.6,11.5,62.9,32.6,90.7,17.3,58.6
2015-05-27,Breakfast,370.0,8.3,4.8,0.0,0.0,0.0,25.0,416.3,60.0,65.0,6.0,39.0,12.0,32.5,55.0,37.5,50.0
2015-05-28,Dinner,665.8,19.2,6.5,0.6,1.6,0.0,25.0,290.6,154.0,116.0,5.0,41.0,10.0,5.2,0.0,11.1,6.1
2015-05-28,Breakfast,190.0,9.0,0.0,0.0,0.0,0.0,0.0,180.0,0.0,48.0,1.0,12.0,20.0,0.0,0.0,6.0,8.0
2015-05-28,Lunch,150.0,9.0,5.3,0.0,0.0,0.0,7.5,26.3,0.0,18.8,0.8,17.3,2.3,0.0,0.0,6.0,1.5
2015-05-29,Dinner,910.0,34.5,12.0,1.3,10.0,1.5,67.5,1330.0,570.0,122.0,9.0,54.5,32.0,55.0,4.0,11.0,32.5
2015-05-29,Lunch,250.4,10.8,1.5,0.0,0.0,0.0,0.0,184.6,170.0,35.2,3.5,3.0,5.1,20.0,90.0,7.1,10.0
2015-05-29,Breakfast,230.0,21.0,1.8,0.0,0.0,0.0,12.5,242.5,0.0,58.5,0.5,18.0,36.0,4.0,4.0,9.5,2.0
2015-05-29,Snacks,420.0,19.0,11.5,0.5,2.0,0.0,20.0,195.0,100.0,60.0,2.0,39.0,6.0,8.0,0.0,12.0,4.0
2015-05-30,Lunch,395.1,11.2,5.0,0.7,1.1,0.2,40.8,629.5,292.4,57.1,1.0,5.7,17.1,4.9,13.4,18.5,23.1
2015-05-30,Snacks,150.0,0.0,0.0,0.0,0.0,0.0,0.0,55.0,0.0,40.0,0.0,40.0,0.0,0.0,0.0,0.0,0.0
2015-05-30,Dinner,587.5,30.0,10.5,0.0,0.0,1.0,91.3,1110.0,0.0,53.0,3.3,11.0,26.3,6.0,2.5,25.0,25.5
2015-05-30,Breakfast,520.2,17.6,1.6,1.6,8.0,0.0,45.0,1979.7,249.3,78.9,5.7,9.7,36.1,16.3,45.3,7.2,25.0
2015-05-31,Breakfast,213.0,2.7,1.6,0.0,0.8,0.0,10.8,195.2,258.5,38.6,3.6,17.2,5.5,17.3,14.1,34.1,11.9
2015-05-31,Snacks,294.1,0.0,0.0,0.0,0.0,0.0,0.0,100.0,0.0,79.0,0.0,79.0,0.0,0.0,0.0,0.0,0.0
2015-05-31,Dinner,1178.0,36.8,0.9,0.8,0.9,0.1,102.0,2205.0,1206.0,94.0,16.0,7.1,45.0,12.0,31.0,25.0,46.0
2015-05-31,Lunch,618.8,12.7,1.8,4.7,1.9,0.0,38.7,1696.2,0.0,88.7,4.5,11.7,29.1,5.0,28.6,35.0,26.6
2015-06-01,Breakfast,215.0,6.5,1.5,0.0,0.8,0.0,10.0,170.0,235.0,45.0,3.0,19.0,13.0,15.0,12.0,30.0,10.0
2015-06-01,Lunch,218.4,1.6,0.3,0.6,0.6,0.0,0.0,2.0,154.0,45.8,3.5,0.0,4.5,0.0,0.0,2.0,5.7
2015-06-01,Snacks,627.6,25.6,18.0,0.1,0.0,0.0,30.0,222.3,206.1,96.3,1.9,66.1,6.8,15.3,1.9,18.3,0.7
2015-06-01,Dinner,150.0,0.0,0.0,0.0,0.0,0.0,0.0,55.0,0.0,40.0,0.0,40.0,0.0,0.0,0.0,0.0,0.0
2015-06-02,Lunch,420.0,17.5,3.0,6.0,3.5,0.0,0.0,710.0,30.0,59.0,1.5,10.0,7.0,0.0,0.0,10.0,14.0
2015-06-02,Breakfast,285.0,7.5,5.0,0.0,2.5,0.0,0.0,0.0,450.0,60.0,3.0,49.0,1.0,2.0,15.0,0.0,2.0
2015-06-02,Dinner,366.5,1.8,0.4,0.6,0.6,0.0,0.0,64.8,83.9,84.8,3.5,40.7,5.0,0.0,0.0,0.0,0.0
2015-06-03,Snacks,552.0,7.4,1.5,0.0,0.0,0.0,5.0,140.0,0.0,127.4,3.6,105.2,6.6,0.0,0.0,0.0,0.0
2015-06-03,Dinner,818.6,25.2,13.9,0.9,6.2,0.0,85.1,544.3,1071.1,104.2,7.2,13.5,42.6,33.5,54.1,72.6,13.7
2015-06-03,Breakfast,415.5,19.1,3.1,4.4,7.0,0.0,0.0,263.2,675.0,70.1,5.6,33.8,18.6,2.0,17.1,8.3,10.6
2015-06-03,Lunch,260.0,0.0,0.0,0.0,0.0,0.0,0.0,60.0,0.0,70.0,0.0,70.0,0.0,0.0,0.0,0.0,0.0
2015-06-04,Dinner,146.0,10.3,5.7,0.0,0.0,0.0,30.0,70.5,51.0,9.1,0.4,1.5,2.3,6.0,0.0,3.8,0.0
2015-06-04,Breakfast,439.3,16.6,7.0,0.4,3.1,0.0,42.5,272.2,535.6,64.1,3.6,10.8,29.3,16.8,27.0,36.3,6.9
2015-06-04,Lunch,218.4,1.6,0.3,0.6,0.6,0.0,0.0,2.0,154.0,45.8,3.5,0.0,4.5,0.0,0.0,2.0,5.7
2015-06-04,Snacks,342.0,10.5,8.0,0.0,0.0,0.0,0.0,63.8,0.0,61.7,1.4,49.1,2.1,0.0,0.0,0.0,0.0
2015-06-05,Lunch,669.3,12.6,7.0,0.4,3.1,0.0,42.5,332.2,535.6,122.1,3.6,76.8,21.3,16.8,27.0,36.3,6.9
2015-06-05,Breakfast,307.0,8.0,1.5,0.5,0.8,0.0,10.0,270.5,238.5,62.7,4.3,25.9,15.1,16.0,13.0,31.5,15.0
2015-06-05,Dinner,1095.0,40.5,16.0,0.0,0.0,0.0,195.0,2410.0,0.0,124.0,19.5,8.5,60.5,36.0,34.0,60.0,45.0
2015-06-05,Snacks,102.0,0.5,0.0,0.0,0.0,0.0,0.0,3.8,0.0,25.7,1.4,21.1,2.1,0.0,0.0,0.0,0.0
2015-06-06,Breakfast,110.0,5.5,0.0,0.5,0.0,0.0,0.0,90.0,0.0,27.0,1.0,10.0,10.0,0.0,0.0,0.0,4.0
2015-06-06,Snacks,657.4,1.2,0.2,0.3,0.3,0.0,0.0,6.7,820.0,118.9,9.6,71.6,4.1,0.5,5.0,0.1,0.1
2015-06-06,Lunch,560.2,36.1,14.7,3.3,2.8,0.0,75.0,1755.3,1530.0,44.3,16.0,19.3,24.8,1175.9,45.8,68.7,46.7
2015-06-07,Breakfast,260.0,5.5,0.0,0.5,0.0,0.0,0.0,145.0,0.0,67.0,1.0,50.0,10.0,0.0,0.0,0.0,4.0
2015-06-07,Snacks,298.2,0.0,0.0,0.0,0.0,0.0,0.0,150.1,0.0,81.1,0.0,80.1,0.0,0.0,0.0,0.0,0.0
2015-06-07,Dinner,1599.0,46.7,11.4,9.5,0.0,0.0,359.0,5336.0,540.0,165.0,15.4,31.4,129.2,5.0,12.3,9.0,22.6
2015-06-07,Lunch,109.2,0.8,0.2,0.3,0.3,0.0,0.0,1.0,77.0,22.9,1.8,0.0,2.3,0.0,0.0,1.0,2.9
2015-06-08,Snacks,602.6,8.3,1.6,2.8,3.0,0.0,20.0,152.7,171.5,103.3,3.6,82.8,5.7,16.4,32.2,3.1,11.6
2015-06-08,Dinner,827.0,31.1,6.2,4.5,0.0,0.0,150.0,2704.0,253.5,79.0,7.4,12.6,55.6,2.5,10.2,4.5,15.1
2015-06-08,Breakfast,275.0,16.0,1.5,0.0,1.8,0.0,10.0,205.0,255.0,67.0,2.0,24.0,30.0,20.0,2.0,15.0,60.0
2015-06-09,Lunch,350.0,9.0,1.5,0.0,0.0,0.0,0.0,290.0,95.0,29.0,1.0,4.0,8.0,10.0,0.0,4.0,20.0
2015-06-09,Breakfast,215.0,8.0,1.5,0.0,1.8,0.0,10.0,205.0,255.0,43.0,2.0,16.0,14.0,20.0,2.0,15.0,60.0
2015-06-09,Snacks,325.0,15.8,7.3,0.9,0.4,0.0,23.8,135.0,0.0,40.5,1.0,29.6,4.5,4.0,1.2,7.5,0.0
2015-06-10,Breakfast,215.0,8.0,1.5,0.0,1.8,0.0,10.0,205.0,255.0,43.0,2.0,16.0,14.0,20.0,2.0,15.0,60.0
2015-06-10,Lunch,260.0,0.0,0.0,0.0,0.0,0.0,0.0,60.0,0.0,70.0,0.0,70.0,0.0,0.0,0.0,0.0,0.0
2015-06-10,Snacks,420.0,13.8,7.3,0.9,0.4,0.0,30.0,152.5,0.0,74.5,0.2,64.1,3.2,6.0,1.2,9.0,0.0
2015-06-10,Dinner,128.8,0.1,0.0,0.0,0.0,0.0,0.0,74.5,554.1,30.2,5.9,7.1,3.0,7.7,10.1,4.0,2.0
2015-06-11,Dinner,1265.0,55.3,16.3,0.0,0.0,1.2,90.0,1411.5,0.0,112.4,7.6,88.5,32.6,6.0,2.0,26.8,30.4
2015-06-11,Snacks,250.0,7.0,1.0,0.0,0.0,0.0,0.0,430.0,0.0,41.0,1.0,9.0,3.0,0.0,2.0,0.0,2.0
2015-06-11,Breakfast,113.1,5.1,0.2,0.6,0.2,0.0,0.3,167.8,37.1,27.4,0.7,5.3,10.6,0.0,0.0,0.0,0.1
2015-06-12,Dinner,70.0,3.7,2.3,0.0,0.0,0.0,1.7,10.0,0.0,9.0,0.0,7.0,1.0,0.0,0.0,2.0,0.7
2015-06-12,Lunch,235.4,1.6,0.3,0.6,0.6,0.0,0.0,5.0,270.0,49.8,5.5,1.7,5.5,4.0,10.0,6.0,7.7
2015-06-12,Breakfast,30.0,4.0,0.0,0.0,0.0,0.0,0.0,0.0,0.0,12.0,0.0,4.0,8.0,0.0,0.0,0.0,0.0
2015-06-13,Dinner,70.0,3.7,2.3,0.0,0.0,0.0,1.7,10.0,0.0,9.0,0.0,7.0,1.0,0.0,0.0,2.0,0.7
2015-06-13,Breakfast,82.0,6.2,1.0,0.0,0.0,0.0,2.0,24.0,0.0,14.0,1.2,4.0,10.6,3.2,2.4,6.4,2.4
2015-06-13,Lunch,1305.0,40.5,16.0,0.0,0.0,0.0,195.0,2477.5,0.0,124.0,19.5,67.0,60.5,36.0,34.0,60.0,45.0
2015-06-14,Breakfast,140.0,9.5,0.0,0.5,0.0,0.0,0.0,90.0,0.0,39.0,1.0,14.0,18.0,0.0,0.0,0.0,4.0
2015-06-14,Lunch,1708.4,86.3,18.3,10.5,39.1,0.5,93.3,2371.8,1960.8,574.8,6.9,75.5,34.7,8.0,112.6,13.3,39.6
2015-06-15,Lunch,728.4,30.0,11.0,6.4,5.6,0.2,148.0,769.5,428.1,101.1,3.6,92.3,20.0,207.3,13.1,29.7,9.5
2015-06-15,Dinner,320.0,16.0,3.0,0.0,0.0,0.0,0.0,880.0,460.0,40.0,4.0,0.0,4.0,0.0,4.0,0.0,4.0
2015-06-15,Snacks,60.0,0.0,0.0,0.0,0.0,0.0,0.0,0.0,0.0,16.0,0.0,16.0,0.0,0.0,10.0,0.0,0.0
2015-06-15,Breakfast,310.0,6.1,1.0,0.0,0.0,0.0,0.0,399.0,0.0,45.6,0.7,8.9,14.3,0.0,0.0,0.0,7.0
2015-06-16,Snacks,210.0,10.5,6.8,0.0,3.0,0.0,45.0,82.5,180.0,25.5,0.0,19.5,4.5,9.0,0.0,15.0,0.0
2015-06-16,Dinner,514.3,18.8,11.1,0.4,3.0,0.0,49.3,1166.6,3.4,70.3,4.5,1.3,13.9,69.6,2.5,12.8,25.0
2015-06-16,Breakfast,70.0,4.0,0.0,0.0,0.0,0.0,0.0,40.0,0.0,21.0,0.0,6.0,9.0,0.0,0.0,0.0,0.0
2015-06-16,Lunch,662.0,31.4,15.0,1.1,2.0,0.0,60.0,1129.8,475.8,56.6,5.7,17.6,38.4,439.2,35.4,29.2,8.2
2015-06-17,Lunch,320.0,16.0,3.0,0.0,0.0,0.0,0.0,880.0,460.0,40.0,4.0,0.0,4.0,0.0,4.0,0.0,4.0
2015-06-17,Breakfast,110.0,5.5,0.0,0.5,0.0,0.0,0.0,95.0,0.0,27.0,0.0,9.0,11.0,0.0,0.0,2.0,4.0
2015-06-17,Snacks,140.0,6.0,3.5,0.0,2.0,0.0,0.0,90.0,50.0,20.0,0.0,12.0,1.0,0.0,0.0,0.0,6.0
2015-06-18,Lunch,287.0,16.3,3.1,4.2,9.1,0.0,0.0,167.0,543.0,26.8,3.8,6.9,10.3,25.0,32.0,1.0,6.0
2015-06-18,Snacks,260.0,6.0,3.5,0.0,2.0,0.0,0.0,90.0,50.0,52.0,0.0,44.0,1.0,0.0,20.0,0.0,6.0
2015-06-18,Dinner,1420.0,80.0,28.0,0.0,0.0,0.0,330.0,4760.0,0.0,102.0,4.0,20.0,82.0,0.0,0.0,0.0,8.0
2015-06-18,Breakfast,208.4,13.4,0.2,0.9,0.2,0.0,9.6,261.2,36.9,51.9,0.5,13.2,21.1,0.0,0.0,2.6,5.5
2015-06-19,Breakfast,30.0,4.0,0.0,0.0,0.0,0.0,0.0,0.0,0.0,12.0,0.0,4.0,8.0,0.0,0.0,0.0,0.0
2015-06-20,Breakfast,234.7,15.1,3.5,0.0,0.1,0.0,20.0,24.5,232.3,37.0,0.0,29.0,9.6,4.0,0.0,2.9,0.3
2015-06-20,Lunch,1140.0,39.0,12.0,0.0,0.0,1.2,90.0,1687.5,0.0,112.0,8.0,72.5,34.0,12.0,4.0,42.0,36.0
2015-06-20,Dinner,309.5,11.9,3.9,0.7,5.0,0.0,20.0,147.2,218.4,46.9,2.1,42.9,7.2,18.9,8.9,17.0,11.1
2015-06-21,Dinner,1508.1,56.4,3.8,9.0,19.2,0.1,163.7,667.3,505.0,170.1,5.1,4.2,74.8,114.5,11.0,14.8,30.1
2015-06-21,Breakfast,587.0,8.0,0.8,0.2,0.0,0.8,0.0,1431.0,191.5,137.0,5.0,68.0,17.5,0.0,74.0,31.0,22.5
2015-06-21,Snacks,360.0,19.0,10.5,0.0,2.0,0.0,50.0,275.0,120.0,37.0,0.0,30.0,5.0,6.0,0.0,12.0,6.0
2015-06-21,Lunch,1080.0,38.0,15.5,0.0,0.0,0.0,85.0,1856.0,0.0,160.8,13.0,89.8,33.0,0.0,0.0,0.0,0.0
2015-06-22,Breakfast,258.0,17.0,0.7,1.3,0.8,0.0,32.0,554.0,123.0,55.0,1.5,4.6,15.0,0.0,0.0,2.0,5.0
2015-06-22,Lunch,441.4,16.8,1.3,3.0,6.4,0.0,54.6,222.4,168.3,50.9,1.7,1.4,20.1,38.2,3.7,4.9,10.0
2015-06-22,Snacks,219.6,7.3,4.0,1.0,2.0,0.0,0.0,117.2,363.9,21.3,3.0,11.1,19.5,18.3,22.8,1.3,2.7
2015-06-22,Dinner,260.0,9.5,5.5,0.5,1.5,0.0,20.0,615.0,0.0,35.0,1.0,2.0,6.0,4.0,0.0,12.0,10.0
2015-06-23,Lunch,454.5,14.9,6.1,3.5,2.0,0.0,0.0,1092.0,83.9,56.2,4.8,3.2,20.7,0.0,0.0,15.7,8.6
2015-06-23,Dinner,1175.0,49.0,19.0,0.0,0.0,0.0,90.0,2685.0,0.0,145.0,7.0,28.0,39.0,14.0,18.0,46.0,52.5
2015-06-23,Breakfast,950.0,62.0,8.0,0.0,0.0,0.0,0.0,1040.0,0.0,100.0,4.0,26.0,20.0,0.0,0.0,0.0,0.0
2015-06-24,Lunch,200.0,4.5,2.0,0.5,1.5,0.0,0.0,600.0,0.0,34.0,1.0,1.0,5.0,0.0,0.0,10.0,10.0
2015-06-24,Snacks,59.6,0.3,0.0,0.0,0.0,0.0,0.0,37.2,543.9,11.3,4.0,6.1,3.5,33.3,57.8,3.3,6.7
2015-06-24,Dinner,400.0,9.0,4.0,1.0,3.0,0.0,0.0,1200.0,0.0,68.0,2.0,2.0,10.0,0.0,0.0,20.0,20.0
2015-06-24,Breakfast,30.0,4.0,0.0,0.0,0.0,0.0,0.0,0.0,0.0,12.0,0.0,4.0,8.0,0.0,0.0,0.0,0.0
2015-06-25,Breakfast,360.0,11.0,3.0,1.0,1.5,0.0,20.0,370.0,510.0,68.0,2.0,34.0,18.0,30.0,24.0,50.0,50.0
2015-06-25,Lunch,1080.0,38.0,15.5,0.0,0.0,0.0,85.0,1856.0,0.0,160.8,13.0,89.8,33.0,0.0,0.0,0.0,0.0
2015-06-25,Snacks,170.0,14.0,2.0,3.5,8.0,0.0,0.0,80.0,200.0,7.0,2.0,1.0,5.0,0.0,0.0,4.0,8.0
2015-06-26,Breakfast,90.0,12.0,0.0,0.0,0.0,0.0,0.0,0.0,0.0,36.0,0.0,12.0,24.0,0.0,0.0,0.0,0.0
2015-06-26,Lunch,1164.0,0.0,0.0,0.0,0.0,0.0,0.0,0.0,0.0,0.0,0.0,0.0,0.0,0.0,0.0,0.0,0.0
2015-06-26,Snacks,548.3,24.4,13.4,0.0,0.0,0.8,123.5,328.4,907.9,70.5,6.1,57.7,13.2,68.6,80.6,29.1,10.9
2015-08-08,Lunch,613.7,29.8,7.6,6.2,1.7,0.0,84.8,831.2,0.0,74.0,2.0,9.7,37.1,6.0,17.3,5.1,35.1
2015-08-08,Snacks,174.0,0.0,0.0,0.0,0.0,0.0,0.0,63.0,0.0,45.6,0.0,45.6,0.0,0.0,0.0,0.0,0.0
2015-08-08,Dinner,62.5,2.5,0.6,0.9,0.9,0.0,0.0,50.0,21.3,9.3,0.5,4.0,1.0,0.0,0.0,0.5,2.0
2015-08-08,Breakfast,90.0,12.0,0.0,0.0,0.0,0.0,0.0,0.0,0.0,36.0,0.0,12.0,24.0,0.0,0.0,0.0,0.0
2015-08-09,Breakfast,90.0,12.0,0.0,0.0,0.0,0.0,0.0,0.0,0.0,36.0,0.0,12.0,24.0,0.0,0.0,0.0,0.0
2015-08-09,Snacks,294.1,0.0,0.0,0.0,0.0,0.0,0.0,75.0,0.0,77.0,0.0,70.0,0.0,0.0,0.0,0.0,0.0
2015-08-09,Lunch,780.8,32.0,11.9,0.0,0.0,0.0,117.0,2465.2,0.0,75.9,3.3,23.0,45.2,0.0,0.0,0.0,0.0
2015-08-10,Breakfast,90.0,12.0,0.0,0.0,0.0,0.0,0.0,0.0,0.0,36.0,0.0,12.0,24.0,0.0,0.0,0.0,0.0
2015-08-10,Snacks,453.7,17.8,4.4,6.2,6.2,0.0,0.0,378.0,157.4,68.1,3.7,28.8,7.2,0.0,0.5,3.6,14.1
2015-08-11,Breakfast,90.0,12.0,0.0,0.0,0.0,0.0,0.0,0.0,0.0,36.0,0.0,12.0,24.0,0.0,0.0,0.0,0.0
2015-08-11,Lunch,867.1,22.9,8.1,0.0,0.0,1.0,60.0,1190.7,0.0,138.3,2.0,85.9,24.0,10.0,15.0,8.0,25.0
2015-08-12,Breakfast,90.0,12.0,0.0,0.0,0.0,0.0,0.0,0.0,0.0,36.0,0.0,12.0,24.0,0.0,0.0,0.0,0.0
2015-08-12,Lunch,740.0,18.0,11.0,0.0,0.0,0.0,70.0,250.0,0.0,128.0,0.0,96.0,17.0,30.0,0.0,60.0,2.0
2015-08-12,Dinner,920.0,39.0,15.5,0.0,0.0,2.5,80.0,2360.0,0.0,101.0,17.0,6.0,41.0,22.0,14.0,46.0,41.0
2015-08-15,Lunch,1724.0,68.3,21.6,0.2,0.0,0.0,193.0,1773.0,64.0,230.2,9.2,60.1,53.9,78.0,59.0,24.5,38.0
2015-08-15,Breakfast,90.0,12.0,0.0,0.0,0.0,0.0,0.0,0.0,0.0,36.0,0.0,12.0,24.0,0.0,0.0,0.0,0.0
2015-08-15,Dinner,1027.2,31.6,6.4,5.4,8.5,0.0,310.3,4771.3,584.0,107.5,5.1,61.7,87.8,30.0,40.0,5.8,39.1
2015-08-19,Lunch,205.0,0.0,0.0,0.0,0.0,0.0,0.0,0.0,0.0,44.0,0.0,0.0,1.0,0.0,0.0,0.0,2.0
2015-08-19,Breakfast,90.0,12.0,0.0,0.0,0.0,0.0,0.0,0.0,0.0,36.0,0.0,12.0,24.0,0.0,0.0,0.0,0.0
2015-08-20,Breakfast,90.0,12.0,0.0,0.0,0.0,0.0,0.0,0.0,0.0,36.0,0.0,12.0,24.0,0.0,0.0,0.0,0.0
2015-08-20,Lunch,1968.0,55.0,6.7,5.6,3.2,0.0,332.0,2950.0,1966.0,123.0,31.0,3.0,196.7,22.0,15.0,12.0,28.0
2015-08-21,Dinner,505.0,22.5,2.9,0.0,0.0,0.0,24.0,1242.0,334.0,35.0,13.5,3.0,30.5,0.0,15.0,4.0,12.0
2015-08-21,Breakfast,393.3,21.0,3.7,1.3,3.5,0.0,20.0,370.0,473.3,81.3,2.7,36.0,33.3,23.3,17.3,43.3,33.3
2015-08-22,Breakfast,90.0,12.0,0.0,0.0,0.0,0.0,0.0,0.0,0.0,36.0,0.0,12.0,24.0,0.0,0.0,0.0,0.0
2015-08-22,Snacks,269.6,6.9,2.1,1.0,3.7,0.0,0.0,212.3,26.3,51.7,0.9,25.0,2.0,0.0,0.0,0.4,3.8
2015-08-22,Lunch,1149.2,54.7,17.4,4.4,7.4,0.0,499.5,2154.4,748.3,108.7,16.9,42.9,53.4,18.9,32.6,14.3,33.8
2015-08-23,Breakfast,90.0,12.0,0.0,0.0,0.0,0.0,0.0,0.0,0.0,36.0,0.0,12.0,24.0,0.0,0.0,0.0,0.0
2015-08-24,Breakfast,90.0,12.0,0.0,0.0,0.0,0.0,0.0,0.0,0.0,36.0,0.0,12.0,24.0,0.0,0.0,0.0,0.0
2015-08-24,Snacks,469.2,20.8,4.7,3.0,12.4,0.0,0.0,474.5,57.6,71.5,7.8,18.0,3.0,2.0,22.0,2.8,11.6
2015-08-25,Lunch,330.0,8.0,4.5,0.0,0.0,0.0,20.0,525.0,0.0,57.0,2.0,6.0,10.0,4.0,0.0,2.0,20.0
2015-08-25,Dinner,330.0,22.0,10.0,1.5,5.3,0.0,45.0,585.0,52.5,24.0,1.0,2.0,8.5,10.0,2.0,24.0,4.0
2015-08-25,Breakfast,90.0,12.0,0.0,0.0,0.0,0.0,0.0,0.0,0.0,36.0,0.0,12.0,24.0,0.0,0.0,0.0,0.0
2015-08-26,Lunch,600.0,27.0,9.0,1.5,12.0,0.3,20.0,505.0,0.0,54.5,8.0,13.5,15.5,2.0,1.0,6.0,6.0
2015-08-26,Dinner,1620.7,56.7,16.1,15.4,17.2,0.0,0.0,2673.5,648.4,204.3,9.4,15.3,62.9,220.3,21.0,57.1,65.4
2015-08-26,Breakfast,90.0,12.0,0.0,0.0,0.0,0.0,0.0,0.0,0.0,36.0,0.0,12.0,24.0,0.0,0.0,0.0,0.0
2015-08-27,Dinner,1399.0,50.1,19.6,0.0,0.0,3.1,128.5,2855.0,0.0,179.8,7.9,20.6,53.2,45.0,59.0,41.0,59.0
2015-08-27,Lunch,382.6,10.6,4.9,0.2,0.8,0.0,25.7,575.2,11.8,63.8,2.3,6.0,10.8,4.6,0.9,2.7,20.6
2015-08-27,Breakfast,90.0,12.0,0.0,0.0,0.0,0.0,0.0,0.0,0.0,36.0,0.0,12.0,24.0,0.0,0.0,0.0,0.0
2015-08-28,Breakfast,330.0,18.0,3.0,0.0,1.5,0.0,20.0,300.0,450.0,70.0,2.0,34.0,34.0,20.0,14.0,40.0,25.0
2015-08-28,Lunch,180.0,0.0,0.0,0.0,0.0,0.0,0.0,0.0,0.0,0.0,0.0,0.0,0.0,0.0,0.0,0.0,0.0
2015-08-28,Snacks,259.2,13.8,4.2,2.0,7.4,0.0,0.0,184.5,52.6,33.5,1.8,0.0,2.0,0.0,0.0,0.8,7.6
2015-08-28,Dinner,500.4,25.1,5.7,6.0,5.3,0.0,45.0,1276.8,729.6,51.5,5.3,1.9,18.8,0.0,11.5,0.0,9.8
2015-08-29,Lunch,933.6,46.8,0.0,0.0,0.0,0.0,195.6,1193.8,0.0,102.8,1.0,0.0,26.3,0.0,0.0,0.0,0.0
2015-08-29,Breakfast,30.0,4.0,0.0,0.0,0.0,0.0,0.0,0.0,0.0,12.0,0.0,4.0,8.0,0.0,0.0,0.0,0.0
2015-08-29,Dinner,200.0,15.0,9.5,0.5,0.3,0.0,45.0,295.0,47.5,8.0,0.0,1.0,7.5,10.0,0.0,24.0,2.0
2015-08-30,Breakfast,30.0,4.0,0.0,0.0,0.0,0.0,0.0,0.0,0.0,12.0,0.0,4.0,8.0,0.0,0.0,0.0,0.0
2015-08-30,Dinner,955.4,31.9,8.6,0.6,1.6,0.0,90.0,1591.6,355.3,114.5,5.6,3.1,52.3,0.0,0.0,19.6,39.5
2015-08-30,Lunch,370.0,16.0,3.0,1.5,12.0,0.0,0.0,295.0,0.0,24.0,7.0,5.0,12.0,0.0,0.0,0.0,0.0
2015-09-01,Dinner,1262.4,21.6,0.4,0.8,0.2,0.0,0.0,437.8,742.2,186.2,12.0,16.6,86.8,234.0,50.2,10.8,52.4
2015-09-01,Breakfast,30.0,4.0,0.0,0.0,0.0,0.0,0.0,0.0,0.0,12.0,0.0,4.0,8.0,0.0,0.0,0.0,0.0
2015-09-02,Dinner,1405.4,33.2,10.4,0.4,0.4,0.0,320.0,320.0,161.8,159.6,1.6,0.0,97.2,8.0,16.0,17.6,70.2
2015-09-02,Breakfast,205.0,7.5,1.5,0.0,0.8,0.0,10.0,235.0,250.0,40.0,2.0,20.0,14.0,15.0,12.0,25.0,25.0
2015-09-08,Snacks,268.7,6.1,3.1,0.2,1.4,0.0,19.5,326.7,432.7,40.7,2.7,25.6,10.8,22.5,14.1,41.8,33.7
2015-09-08,Breakfast,30.0,4.0,0.0,0.0,0.0,0.0,0.0,0.0,0.0,12.0,0.0,4.0,8.0,0.0,0.0,0.0,0.0
2015-09-08,Lunch,184.9,1.0,0.3,0.3,0.0,0.0,0.0,5.5,527.2,47.3,2.5,44.9,1.7,5.5,18.4,3.9,4.4
2015-09-09,Snacks,321.0,8.4,2.5,2.1,3.7,0.0,9.8,410.0,293.0,55.7,4.0,24.2,6.0,24.6,20.4,34.3,50.2
2015-09-09,Dinner,180.0,15.0,10.5,0.0,0.0,0.0,60.0,45.0,0.0,3.0,0.0,3.0,3.0,12.0,0.0,6.0,0.0
2015-09-09,Breakfast,110.0,7.0,1.8,0.0,0.0,0.0,10.0,120.0,0.0,22.0,0.0,5.0,10.5,2.0,3.0,3.0,3.0
2015-09-11,Breakfast,160.0,5.0,0.0,0.0,0.0,0.0,0.0,150.0,82.5,44.5,0.0,24.0,10.0,0.0,0.0,6.0,4.0
2015-09-11,Lunch,230.0,4.0,1.0,0.5,1.0,0.0,0.0,240.0,82.5,49.5,1.0,27.0,5.0,0.0,0.0,16.0,6.0
2015-09-12,Breakfast,290.0,17.0,1.5,0.0,0.0,0.0,5.0,200.0,0.0,45.0,1.0,25.0,13.0,0.0,0.0,14.0,12.0
2015-09-12,Lunch,181.4,0.3,0.1,0.1,0.1,0.0,0.0,0.0,40.5,39.9,0.4,0.0,3.3,0.0,0.0,0.4,11.5
2015-09-12,Snacks,422.5,17.8,10.3,0.0,0.0,0.6,50.0,251.3,260.0,65.8,1.3,51.8,5.3,8.0,0.0,16.0,7.5
2015-09-12,Dinner,780.0,23.0,7.5,0.0,0.0,0.0,50.0,1430.0,0.0,121.0,9.0,35.0,25.0,4.0,0.0,14.0,40.0
2015-09-16,Breakfast,30.0,4.0,0.0,0.0,0.0,0.0,0.0,0.0,0.0,12.0,0.0,4.0,8.0,0.0,0.0,0.0,0.0
2015-09-22,Dinner,597.6,20.0,7.5,5.6,4.9,0.0,83.7,1750.9,653.4,72.0,5.7,11.3,32.9,93.1,3.9,33.1,12.2
2015-10-06,Dinner,1375.8,56.1,6.1,18.5,25.0,0.0,0.0,3967.4,557.7,176.1,12.9,13.4,47.6,40.0,9.7,68.9,51.7
2015-10-27,Dinner,737.5,35.4,5.3,17.7,10.0,0.0,185.0,1131.7,741.7,74.8,9.4,4.0,39.1,171.8,28.4,29.6,48.0
2016-01-01,Lunch,504.5,18.8,5.8,4.5,5.3,0.0,1.0,685.4,206.9,63.5,2.9,9.8,17.6,73.4,7.0,17.3,20.3
2016-01-01,Snacks,100.0,0.0,0.0,0.0,0.0,0.0,0.0,30.0,0.0,26.0,0.0,26.0,0.0,0.0,0.0,0.0,0.0
2016-01-03,Snacks,120.0,3.0,3.0,0.0,0.0,0.1,20.0,80.0,0.0,21.0,0.0,13.0,2.0,4.0,0.0,6.0,0.0
2016-01-03,Dinner,360.0,5.0,3.0,0.0,0.0,0.0,30.0,260.0,800.0,62.0,0.0,60.0,16.0,20.0,0.0,80.0,0.0
2016-01-03,Lunch,510.0,15.9,0.0,0.0,0.0,0.0,0.0,0.0,0.0,101.4,2.7,0.0,33.9,0.0,0.0,0.0,0.0
2016-01-03,Breakfast,30.0,4.0,0.0,0.0,0.0,0.0,0.0,0.0,0.0,12.0,0.0,4.0,8.0,0.0,0.0,0.0,0.0
2016-01-04,Lunch,730.0,33.0,13.0,4.5,11.0,1.5,105.0,1250.0,464.0,83.0,3.0,51.0,30.0,15.0,10.0,20.0,30.0
2016-01-04,Breakfast,30.0,4.0,0.0,0.0,0.0,0.0,0.0,0.0,0.0,12.0,0.0,4.0,8.0,0.0,0.0,0.0,0.0
2016-01-04,Snacks,530.0,25.0,19.0,0.0,0.0,1.0,40.0,550.0,0.0,59.0,0.0,53.0,16.0,4.0,0.0,16.0,10.0
2016-01-04,Dinner,120.0,10.0,7.0,0.0,2.0,0.0,40.0,30.0,0.0,2.0,0.0,2.0,2.0,8.0,0.0,4.0,0.0
2016-01-05,Lunch,889.9,21.8,7.4,4.6,5.5,0.0,16.0,817.0,662.2,139.0,3.6,39.9,29.8,83.4,7.0,58.9,30.9
2016-01-07,Breakfast,30.0,4.0,0.0,0.0,0.0,0.0,0.0,0.0,0.0,12.0,0.0,4.0,8.0,0.0,0.0,0.0,0.0
2016-01-07,Dinner,266.7,13.6,7.3,0.4,3.0,0.0,30.5,624.7,108.4,32.0,3.7,5.0,4.9,11.1,10.0,4.3,10.0
2016-01-07,Snacks,194.9,13.9,3.8,2.7,6.6,0.0,0.0,80.2,173.0,15.8,3.0,7.4,4.7,0.0,0.0,7.3,6.1
2016-01-08,Breakfast,30.0,4.0,0.0,0.0,0.0,0.0,0.0,0.0,0.0,12.0,0.0,4.0,8.0,0.0,0.0,0.0,0.0
2016-01-08,Snacks,210.0,13.0,4.5,0.0,0.0,0.0,5.0,150.0,0.0,24.0,1.0,21.0,5.0,0.0,0.0,2.0,4.0
2016-01-08,Lunch,345.4,1.4,0.3,0.3,0.3,0.0,1.5,427.6,228.3,62.5,3.7,8.6,8.1,1.6,0.0,4.3,15.8
2016-01-11,Snacks,390.0,15.5,6.0,0.0,0.0,0.0,20.0,280.0,400.0,55.0,1.0,51.0,13.0,10.0,0.0,42.0,4.0
2016-01-11,Dinner,160.0,0.0,0.0,0.0,0.0,0.0,0.0,65.0,0.0,43.0,0.0,43.0,0.0,0.0,0.0,0.0,0.0
2016-01-11,Breakfast,30.0,4.0,0.0,0.0,0.0,0.0,0.0,0.0,0.0,12.0,0.0,4.0,8.0,0.0,0.0,0.0,0.0
2016-01-12,Snacks,140.0,6.2,1.1,3.0,1.8,0.0,0.0,674.5,49.5,18.6,2.2,6.1,2.0,0.7,0.1,0.2,3.4
2016-01-12,Dinner,830.4,38.1,6.0,12.5,9.3,0.0,1.0,1881.8,38.1,112.6,5.4,6.1,33.1,57.5,30.2,100.0,46.8
2016-01-12,Breakfast,390.8,11.7,2.2,1.9,3.1,0.0,185.0,835.2,144.2,70.0,1.0,11.4,19.1,7.2,0.1,5.0,16.2
2016-01-19,Breakfast,30.0,4.0,0.0,0.0,0.0,0.0,0.0,0.0,0.0,12.0,0.0,4.0,8.0,0.0,0.0,0.0,0.0
2016-01-19,Lunch,301.0,19.7,5.0,0.1,0.0,0.0,15.0,383.4,264.5,13.6,5.1,3.9,8.3,213.8,15.3,20.7,7.0
2016-01-19,Dinner,300.0,14.0,9.0,0.0,5.0,0.0,50.0,130.0,280.0,36.0,0.0,30.0,6.0,8.0,0.0,20.0,0.0
2016-01-20,Breakfast,30.0,4.0,0.0,0.0,0.0,0.0,0.0,0.0,0.0,12.0,0.0,4.0,8.0,0.0,0.0,0.0,0.0
2016-01-20,Snacks,770.6,21.3,11.6,0.7,3.8,0.0,61.5,304.9,429.2,133.0,1.2,74.9,16.4,18.2,29.8,37.6,14.8
2016-01-20,Dinner,364.4,10.7,1.4,6.1,2.0,0.0,16.7,211.7,342.6,53.8,3.6,4.1,14.0,162.3,10.3,4.9,3.8
2016-01-20,Lunch,331.0,6.0,2.0,1.0,2.0,0.0,61.0,338.0,14.0,62.0,0.0,41.0,12.0,0.0,0.0,0.0,0.0
2016-01-21,Breakfast,431.3,14.6,1.2,4.3,8.4,0.0,0.0,3.0,82.5,67.5,0.9,0.2,6.3,0.0,0.0,0.0,3.0
2016-01-21,Snacks,412.3,6.6,2.6,0.0,0.0,0.0,12.0,116.0,14.0,87.2,3.7,58.1,5.5,7.8,0.0,7.8,4.1
2016-01-21,Dinner,616.3,25.7,14.7,0.5,5.1,0.0,87.3,510.3,783.3,88.8,6.6,16.2,25.1,444.6,14.4,61.9,4.5
2016-01-22,Breakfast,30.0,4.0,0.0,0.0,0.0,0.0,0.0,0.0,0.0,12.0,0.0,4.0,8.0,0.0,0.0,0.0,0.0
2016-01-22,Dinner,610.0,9.4,0.1,0.1,0.1,0.0,0.0,2.0,55.0,108.0,0.6,0.1,19.2,0.0,0.0,0.0,2.0
2016-01-23,Snacks,220.0,15.0,9.0,0.0,0.0,0.5,80.0,45.0,0.0,18.0,0.0,17.0,4.0,10.0,0.0,10.0,0.0
2016-01-23,Dinner,1197.6,58.6,15.2,0.2,0.0,0.0,400.0,1124.2,79.6,78.8,2.0,27.2,87.0,8.0,12.0,5.2,37.4
2016-01-23,Lunch,1080.0,54.0,18.0,0.0,0.0,0.0,135.0,2221.4,0.0,103.0,3.0,37.0,51.0,45.0,12.0,105.0,30.0
2016-01-24,Breakfast,188.0,14.0,2.0,1.2,2.9,0.0,382.0,94.0,0.0,0.4,0.0,0.4,12.9,7.0,0.0,3.0,5.0
2016-01-25,Breakfast,30.0,4.0,0.0,0.0,0.0,0.0,0.0,0.0,0.0,12.0,0.0,4.0,8.0,0.0,0.0,0.0,0.0
2016-01-25,Lunch,100.0,2.5,0.5,0.0,0.0,0.0,0.0,0.0,0.0,17.0,1.0,1.0,3.0,0.0,0.0,0.0,6.0
2016-01-25,Dinner,174.7,6.1,3.7,0.3,1.5,0.0,15.3,333.0,41.5,25.9,1.0,0.1,3.6,3.5,0.0,0.8,8.7
2016-01-25,Snacks,550.0,0.0,0.0,0.0,0.0,0.0,0.0,128.3,0.0,154.0,0.0,154.0,0.0,0.0,0.0,0.0,0.0
2016-01-26,Breakfast,30.0,4.0,0.0,0.0,0.0,0.0,0.0,0.0,0.0,12.0,0.0,4.0,8.0,0.0,0.0,0.0,0.0
2016-01-26,Lunch,1431.6,48.7,7.5,10.6,27.8,0.1,181.9,1979.8,2134.6,157.3,15.9,48.3,97.7,77.8,386.6,77.8,47.9
2016-01-27,Breakfast,330.0,27.5,3.5,1.0,0.0,0.0,0.0,360.0,190.0,44.0,4.0,12.0,21.0,0.0,0.0,0.0,12.0
2016-01-27,Dinner,637.5,21.6,12.2,0.2,0.2,0.0,0.0,2583.0,82.5,91.5,3.9,6.2,9.3,0.0,0.0,3.0,3.0
2016-01-27,Lunch,150.0,0.0,0.0,0.0,0.0,0.0,0.0,30.0,14.0,41.0,0.0,41.0,0.0,0.0,0.0,0.0,0.0
2016-01-29,Dinner,1110.0,60.0,21.0,0.0,0.0,0.0,105.0,2730.0,0.0,108.0,6.0,9.0,48.0,0.0,0.0,0.0,0.0
2016-01-29,Lunch,65.0,2.8,1.3,0.0,0.0,0.0,2.5,30.0,0.0,2.5,1.5,0.0,3.3,4.0,3.0,8.0,3.0
2016-01-29,Breakfast,568.5,23.8,8.7,0.9,3.0,0.0,210.5,1213.0,441.0,78.1,1.8,24.6,27.2,25.2,5.8,36.0,33.9
2016-01-30,Lunch,1814.1,93.3,14.7,0.0,0.0,0.6,280.5,2536.5,0.0,206.4,5.8,83.7,47.6,35.0,35.7,29.4,18.9
2016-01-30,Dinner,740.0,40.0,14.0,0.0,0.0,0.0,70.0,1820.0,0.0,72.0,4.0,6.0,32.0,0.0,0.0,0.0,0.0
2016-01-30,Breakfast,124.0,11.0,1.0,0.6,1.5,0.0,191.0,47.0,0.0,12.2,0.0,4.2,14.5,3.5,0.0,1.5,2.5
2016-02-01,Dinner,685.2,25.3,8.0,3.2,9.7,1.1,144.9,525.8,947.8,59.4,5.4,6.4,54.0,15.6,35.6,15.0,43.6
2016-02-01,Breakfast,30.0,4.0,0.0,0.0,0.0,0.0,0.0,0.0,0.0,12.0,0.0,4.0,8.0,0.0,0.0,0.0,0.0
2016-02-01,Snacks,271.0,5.9,2.5,1.1,1.2,0.0,9.8,450.0,233.0,44.7,5.0,18.2,9.0,14.6,10.4,32.3,29.2
2016-02-02,Snacks,1800.0,0.0,0.0,0.0,0.0,0.0,0.0,0.0,0.0,0.0,0.0,0.0,0.0,0.0,0.0,0.0,0.0
2016-05-03,Dinner,493.9,24.8,9.9,0.1,1.0,0.0,40.2,837.2,1.1,54.0,0.0,36.0,12.0,2.4,0.0,0.1,0.0
2016-05-03,Breakfast,30.0,4.0,0.0,0.0,0.0,0.0,0.0,0.0,0.0,12.0,0.0,4.0,8.0,0.0,0.0,0.0,0.0
2016-05-03,Snacks,120.0,0.0,0.0,0.0,0.0,0.0,0.0,15.0,0.0,28.0,0.0,17.0,3.0,0.0,0.0,0.0,0.0
2016-05-03,Lunch,890.1,40.1,10.7,6.6,3.3,0.0,106.5,1386.4,406.6,91.4,12.7,18.7,59.2,33.4,122.6,16.4,44.1
2016-05-04,Lunch,460.1,20.1,7.7,3.6,1.3,0.0,51.5,461.4,46.6,39.9,10.2,7.7,30.7,32.4,22.6,16.4,24.1
2016-05-04,Dinner,70.0,0.0,0.0,0.0,0.0,0.0,0.0,50.0,0.0,12.0,4.0,6.0,2.0,30.0,50.0,4.0,4.0
2016-05-04,Snacks,153.5,1.5,0.8,0.1,0.0,0.0,42.5,112.9,311.9,21.0,1.4,14.5,16.4,81.7,22.7,58.5,2.9
2016-05-04,Breakfast,245.0,14.0,1.5,1.5,1.0,0.0,27.5,462.5,180.0,37.8,1.3,9.5,22.3,0.5,50.0,0.0,10.0
2016-08-02,Snacks,470.0,12.5,9.0,0.0,0.0,0.0,25.0,152.5,195.0,84.0,0.0,48.0,6.5,10.0,10.0,21.0,2.0
2016-08-02,Lunch,232.7,7.2,1.1,0.1,0.1,0.0,40.0,350.8,27.7,26.3,0.3,0.0,14.1,0.0,0.0,0.8,5.3
2016-08-02,Dinner,750.0,41.0,12.0,0.0,0.0,0.0,140.0,2120.0,0.0,58.0,4.0,2.0,38.0,2.0,0.0,4.0,10.0
2016-08-02,Breakfast,30.0,4.0,0.0,0.0,0.0,0.0,0.0,0.0,0.0,12.0,0.0,4.0,8.0,0.0,0.0,0.0,0.0
